freq_MHz,alpha_dBmm_eta0.5,c_phase_eta0.5,alpha_dBmm_eta2.0,c_phase_eta2.0,alpha_dBmm_eta10.0,c_phase_eta10.0,alpha_dBmm_eta50.0,c_phase_eta50.0
1.000000,-694.797387,78.4232,-347.606506,156.9399,-155.479111,350.9842,-69.534586,784.8495
1.098196,-728.163959,82.1894,-364.280257,164.4679,-162.934705,367.8147,-72.868728,822.4826
1.196393,-760.067157,85.7903,-380.223524,171.6661,-170.063760,383.9081,-76.056849,858.4675
1.294589,-790.684140,89.2461,-395.524652,178.5744,-176.905757,399.3535,-79.116605,893.0035
1.392786,-820.158966,92.5730,-410.255497,185.2252,-183.492810,414.2233,-82.062355,926.2527
1.490982,-848.610656,95.7843,-424.475435,191.6453,-189.851457,428.5776,-84.905965,958.3491
1.589178,-876.138891,98.8915,-438.234204,197.8572,-196.003928,442.4664,-87.657377,989.4048
1.687375,-902.828149,101.9039,-451.573958,203.8799,-201.969068,455.9323,-90.325017,1019.5149
1.785571,-928.750759,104.8299,-464.530797,209.7298,-207.763011,469.0118,-92.916100,1048.7609
1.883768,-953.969223,107.6763,-477.135917,215.4208,-213.399703,481.7362,-95.436861,1077.2132
1.981964,-978.537981,110.4494,-489.416495,220.9653,-218.891291,494.1332,-97.892734,1104.9331
2.080160,-1002.504804,113.1546,-501.396378,226.3741,-224.248438,506.2266,-100.288485,1131.9744
2.178357,-1025.911879,115.7966,-513.096628,231.6566,-229.480557,518.0378,-102.628325,1158.3846
2.276553,-1048.796683,118.3796,-524.535958,236.8213,-234.596015,529.5856,-104.915995,1184.2059
2.374749,-1071.192690,120.9075,-535.731083,241.8758,-239.602285,540.8869,-107.154836,1209.4761
2.472946,-1093.129945,123.3836,-546.697005,246.8267,-244.506072,551.9569,-109.347847,1234.2290
2.571142,-1114.635534,125.8110,-557.447251,251.6803,-249.313424,562.8092,-111.497733,1258.4952
2.669339,-1135.733978,128.1924,-567.994066,256.4421,-254.029817,573.4561,-113.606943,1282.3022
2.767535,-1156.447562,130.5304,-578.348581,261.1170,-258.660225,583.9090,-115.677700,1305.6752
2.865731,-1176.796609,132.8272,-588.520945,265.7097,-263.209188,594.1780,-117.712035,1328.6371
2.963928,-1196.799713,135.0850,-598.520446,270.2244,-267.680856,604.2725,-119.711804,1351.2089
3.062124,-1216.473940,137.3057,-608.355609,274.6648,-272.079042,614.2011,-121.678712,1373.4097
3.160321,-1235.834997,139.4910,-618.034278,279.0346,-276.407253,623.9718,-123.614327,1395.2574
3.258517,-1254.897379,141.6426,-627.563694,283.3370,-280.668726,633.5918,-125.520096,1416.7682
3.356713,-1273.674497,143.7620,-636.950557,287.5751,-284.866457,643.0679,-127.397361,1437.9572
3.454910,-1292.178787,145.8506,-646.201078,291.7516,-289.003223,652.4064,-129.247361,1458.8385
3.553106,-1310.421806,147.9097,-655.321032,295.8691,-293.081605,661.6131,-131.071252,1479.4251
3.651303,-1328.414318,149.9406,-664.315796,299.9301,-297.104008,670.6934,-132.870110,1499.7291
3.749499,-1346.166369,151.9443,-673.190389,303.9369,-301.072675,679.6524,-134.644937,1519.7619
3.847695,-1363.687348,153.9219,-681.949500,307.8915,-304.989705,688.4949,-136.396671,1539.5340
3.945892,-1380.986051,155.8744,-690.597526,311.7960,-308.857061,697.2252,-138.126191,1559.0554
4.044088,-1398.070730,157.8028,-699.138588,315.6522,-312.676588,705.8475,-139.834322,1578.3354
4.142285,-1414.949135,159.7079,-707.576559,319.4618,-316.450017,714.3658,-141.521837,1597.3827
4.240481,-1431.628564,161.5905,-715.915085,323.2266,-320.178977,722.7837,-143.189466,1616.2055
4.338677,-1448.115892,163.4515,-724.157600,326.9479,-323.865006,731.1046,-144.837896,1634.8117
4.436874,-1464.417607,165.2915,-732.307348,330.6275,-327.509551,739.3320,-146.467775,1653.2084
4.535070,-1480.539840,167.1112,-740.367391,334.2665,-331.113984,747.4687,-148.079715,1671.4027
4.633267,-1496.488392,168.9114,-748.340628,337.8663,-334.679600,755.5179,-149.674296,1689.4010
4.731463,-1512.268758,170.6925,-756.229805,341.4281,-338.207627,763.4822,-151.252067,1707.2096
4.829659,-1527.886149,172.4553,-764.037525,344.9532,-341.699230,771.3643,-152.813548,1724.8343
4.927856,-1543.345514,174.2002,-771.766261,348.4426,-345.155513,779.1666,-154.359235,1742.2808
5.026052,-1558.651553,175.9279,-779.418362,351.8975,-348.577527,786.8916,-155.889596,1759.5542
5.124248,-1573.808741,177.6387,-786.996064,355.3187,-351.966272,794.5415,-157.405080,1776.6598
5.222445,-1588.821338,179.3332,-794.501495,358.7073,-355.322700,802.1184,-158.906111,1793.6022
5.320641,-1603.693403,181.0118,-801.936686,362.0642,-358.647718,809.6244,-160.393095,1810.3860
5.418838,-1618.428813,182.6750,-809.303571,365.3903,-361.942191,817.0615,-161.866419,1827.0157
5.517034,-1633.031264,184.3232,-816.603999,368.6863,-365.206947,824.4314,-163.326454,1843.4954
5.615230,-1647.504294,185.9568,-823.839738,371.9532,-368.442775,831.7361,-164.773552,1859.8290
5.713427,-1661.851283,187.5762,-831.012476,375.1916,-371.650431,838.9772,-166.208051,1876.0205
5.811623,-1676.075469,189.1817,-838.123831,378.4022,-374.830638,846.1563,-167.630275,1892.0734
5.909820,-1690.179951,190.7737,-845.175354,381.5859,-377.984089,853.2750,-169.040534,1907.9912
6.008016,-1704.167701,192.3525,-852.168528,384.7432,-381.111448,860.3348,-170.439124,1923.7774
6.106212,-1718.041572,193.9185,-859.104780,387.8749,-384.213352,867.3372,-171.826330,1939.4350
6.204409,-1731.804299,195.4719,-865.985476,390.9814,-387.290414,874.2835,-173.202427,1954.9673
6.302605,-1745.458513,197.0131,-872.811930,394.0635,-390.343219,881.1750,-174.567676,1970.3771
6.400802,-1759.006739,198.5423,-879.585407,397.1216,-393.372334,888.0130,-175.922331,1985.6673
6.498998,-1772.451409,200.0598,-886.307119,400.1564,-396.378301,894.7988,-177.266633,2000.8407
6.597194,-1785.794861,201.5659,-892.978237,403.1683,-399.361643,901.5335,-178.600818,2015.8999
6.695391,-1799.039348,203.0609,-899.599885,406.1579,-402.322863,908.2183,-179.925110,2030.8474
6.793587,-1812.187038,204.5449,-906.173148,409.1256,-405.262447,914.8542,-181.239725,2045.6857
6.891784,-1825.240025,206.0182,-912.699072,412.0720,-408.180861,921.4423,-182.544873,2060.4172
6.989980,-1838.200326,207.4810,-919.178665,414.9975,-411.078556,927.9837,-183.840756,2075.0440
7.088176,-1851.069887,208.9336,-925.612900,417.9024,-413.955968,934.4793,-185.127568,2089.5685
7.186373,-1863.850588,210.3762,-932.002715,420.7874,-416.813517,940.9300,-186.405497,2103.9927
7.284569,-1876.544245,211.8090,-938.349020,423.6526,-419.651608,947.3368,-187.674725,2118.3187
7.382766,-1889.152612,213.2321,-944.652690,426.4987,-422.470634,953.7006,-188.935426,2132.5485
7.480962,-1901.677386,214.6458,-950.914574,429.3258,-425.270974,960.0222,-190.187770,2146.6839
7.579158,-1914.120207,216.0502,-957.135491,432.1345,-428.052994,966.3024,-191.431922,2160.7269
7.677355,-1926.482664,217.4456,-963.316236,434.9250,-430.817049,972.5421,-192.668040,2174.6792
7.775551,-1938.766294,218.8321,-969.457576,437.6978,-433.563483,978.7420,-193.896278,2188.5425
7.873747,-1950.972586,220.2098,-975.560256,440.4530,-436.292629,984.9028,-195.116784,2202.3186
7.971944,-1963.102982,221.5790,-981.624998,443.1912,-439.004809,991.0254,-196.329703,2216.0091
8.070140,-1975.158882,222.9398,-987.652498,445.9125,-441.700336,997.1104,-197.535175,2229.6154
8.168337,-1987.141639,224.2923,-993.643437,448.6174,-444.379513,1003.1585,-198.733334,2243.1393
8.266533,-1999.052571,225.6367,-999.598470,451.3060,-447.042633,1009.1703,-199.924313,2256.5821
8.364729,-2010.892954,226.9732,-1005.518236,453.9787,-449.689982,1015.1465,-201.108239,2269.9453
8.462926,-2022.664025,228.3018,-1011.403354,456.6357,-452.321837,1021.0878,-202.285236,2283.2302
8.561122,-2034.366989,229.6227,-1017.254426,459.2774,-454.938467,1026.9946,-203.455424,2296.4384
8.659319,-2046.003014,230.9361,-1023.072035,461.9040,-457.540133,1032.8677,-204.618920,2309.5710
8.757515,-2057.573236,232.2420,-1028.856749,464.5157,-460.127088,1038.7076,-205.775838,2322.6293
8.855711,-2069.078759,233.5407,-1034.609120,467.1129,-462.699581,1044.5149,-206.926287,2335.6146
8.953908,-2080.520655,234.8322,-1040.329685,469.6956,-465.257849,1050.2900,-208.070375,2348.5282
9.052104,-2091.899970,236.1166,-1046.018965,472.2643,-467.802128,1056.0335,-209.208207,2361.3711
9.150301,-2103.217719,237.3940,-1051.677468,474.8190,-470.332643,1061.7460,-210.339884,2374.1445
9.248497,-2114.474890,238.6646,-1057.305688,477.3601,-472.849616,1067.4279,-211.465505,2386.8496
9.346693,-2125.672446,239.9285,-1062.904107,479.8877,-475.353262,1073.0797,-212.585165,2399.4874
9.444890,-2136.811324,241.1858,-1068.473192,482.4020,-477.843790,1078.7019,-213.698960,2412.0590
9.543086,-2147.892438,242.4365,-1074.013400,484.9034,-480.321405,1084.2950,-214.806979,2424.5654
9.641283,-2158.916675,243.6809,-1079.525176,487.3919,-482.786305,1089.8594,-215.909312,2437.0077
9.739479,-2169.884905,244.9189,-1085.008953,489.8677,-485.238685,1095.3955,-217.006046,2449.3867
9.837675,-2180.797970,246.1506,-1090.465153,492.3311,-487.678732,1100.9037,-218.097265,2461.7035
9.935872,-2191.656696,247.3763,-1095.894188,494.7823,-490.106631,1106.3845,-219.183051,2473.9589
10.034068,-2202.461887,248.5959,-1101.296460,497.2213,-492.522562,1111.8383,-220.263485,2486.1540
10.132265,-2213.214325,249.8095,-1106.672361,499.6485,-494.926700,1117.2655,-221.338644,2498.2895
10.230461,-2223.914777,251.0173,-1112.022273,502.0639,-497.319216,1122.6665,-222.408607,2510.3664
10.328657,-2234.563990,252.2193,-1117.346570,504.4678,-499.700277,1128.0416,-223.473446,2522.3854
10.426854,-2245.162692,253.4156,-1122.645616,506.8602,-502.070046,1133.3912,-224.533236,2534.3475
10.525050,-2255.711595,254.6063,-1127.919767,509.2414,-504.428683,1138.7157,-225.588047,2546.2533
10.623246,-2266.211395,255.7914,-1133.169371,511.6116,-506.776341,1144.0153,-226.637949,2558.1037
10.721443,-2276.662771,256.9711,-1138.394767,513.9707,-509.113175,1149.2906,-227.683009,2569.8995
10.819639,-2287.066388,258.1453,-1143.596287,516.3192,-511.439331,1154.5417,-228.723295,2581.6414
10.917836,-2297.422893,259.3143,-1148.774255,518.6570,-513.754954,1159.7691,-229.758870,2593.3301
11.016032,-2307.732922,260.4780,-1153.928988,520.9843,-516.060188,1164.9730,-230.789799,2604.9664
11.114228,-2317.997093,261.6366,-1159.060797,523.3012,-518.355170,1170.1538,-231.816143,2616.5510
11.212425,-2328.216015,262.7900,-1164.169985,525.6079,-520.640035,1175.3117,-232.837963,2628.0844
11.310621,-2338.390280,263.9384,-1169.256848,527.9046,-522.914917,1180.4472,-233.855318,2639.5675
11.408818,-2348.520468,265.0818,-1174.321675,530.1913,-525.179945,1185.5603,-234.868267,2651.0008
11.507014,-2358.607147,266.2203,-1179.364752,532.4682,-527.435247,1190.6515,-235.876866,2662.3851
11.605210,-2368.650874,267.3539,-1184.386356,534.7354,-529.680945,1195.7210,-236.881170,2673.7208
11.703407,-2378.652192,268.4828,-1189.386759,536.9930,-531.917163,1200.7691,-237.881234,2685.0087
11.801603,-2388.611634,269.6069,-1194.366227,539.2412,-534.144018,1205.7961,-238.877111,2696.2494
11.899800,-2398.529721,270.7264,-1199.325021,541.4800,-536.361629,1210.8022,-239.868854,2707.4434
11.997996,-2408.406966,271.8413,-1204.263396,543.7096,-538.570108,1215.7877,-240.856513,2718.5913
12.096192,-2418.243867,272.9516,-1209.181603,545.9301,-540.769568,1220.7529,-241.840139,2729.6936
12.194389,-2428.040915,274.0574,-1214.079887,548.1416,-542.960118,1225.6979,-242.819780,2740.7510
12.292585,-2437.798592,275.1588,-1218.958487,550.3442,-545.141866,1230.6231,-243.795485,2751.7640
12.390782,-2447.517367,276.2557,-1223.817640,552.5381,-547.314917,1235.5286,-244.767301,2762.7330
12.488978,-2457.197702,277.3484,-1228.657575,554.7233,-549.479374,1240.4147,-245.735273,2773.6587
12.587174,-2466.840051,278.4367,-1233.478520,556.8999,-551.635339,1245.2817,-246.699447,2784.5415
12.685371,-2476.444856,279.5208,-1238.280695,559.0680,-553.782910,1250.1297,-247.659868,2795.3820
12.783567,-2486.012552,280.6008,-1243.064319,561.2277,-555.922185,1254.9590,-248.616578,2806.1805
12.881764,-2495.543568,281.6765,-1247.829605,563.3792,-558.053259,1259.7697,-249.569621,2816.9377
12.979960,-2505.038320,282.7482,-1252.576762,565.5225,-560.176226,1264.5622,-250.519039,2827.6539
13.078156,-2514.497221,283.8159,-1257.305996,567.6577,-562.291178,1269.3366,-251.464872,2838.3297
13.176353,-2523.920672,284.8795,-1262.017507,569.7848,-564.398205,1274.0930,-252.407160,2848.9655
13.274549,-2533.309071,285.9392,-1266.711495,571.9041,-566.497394,1278.8318,-253.345944,2859.5617
13.372745,-2542.662804,286.9950,-1271.388152,574.0156,-568.588834,1283.5531,-254.281262,2870.1188
13.470942,-2551.982254,288.0469,-1276.047669,576.1193,-570.672609,1288.2571,-255.213152,2880.6373
13.569138,-2561.267793,289.0950,-1280.690234,578.2153,-572.748802,1292.9440,-256.141652,2891.1174
13.667335,-2570.519791,290.1392,-1285.316030,580.3038,-574.817497,1297.6139,-257.066798,2901.5597
13.765531,-2579.738608,291.1798,-1289.925238,582.3848,-576.878774,1302.2671,-257.988627,2911.9645
13.863727,-2588.924598,292.2166,-1294.518034,584.4584,-578.932711,1306.9038,-258.907174,2922.3323
13.961924,-2598.078109,293.2498,-1299.094594,586.5247,-580.979387,1311.5240,-259.822473,2932.6635
14.060120,-2607.199483,294.2794,-1303.655087,588.5837,-583.018878,1316.1280,-260.734559,2942.9584
14.158317,-2616.289058,295.3053,-1308.199681,590.6355,-585.051260,1320.7160,-261.643466,2953.2174
14.256513,-2625.347162,296.3277,-1312.728543,592.6802,-587.076606,1325.2881,-262.549226,2963.4409
14.354709,-2634.374121,297.3466,-1317.241834,594.7179,-589.094989,1329.8444,-263.451872,2973.6292
14.452906,-2643.370253,298.3620,-1321.739714,596.7487,-591.106479,1334.3853,-264.351436,2983.7827
14.551102,-2652.335873,299.3740,-1326.222339,598.7725,-593.111148,1338.9107,-265.247949,2993.9018
14.649299,-2661.271288,300.3825,-1330.689864,600.7895,-595.109064,1343.4208,-266.141443,3003.9869
14.747495,-2670.176803,301.3877,-1335.142441,602.7998,-597.100296,1347.9159,-267.031946,3014.0381
14.845691,-2679.052714,302.3896,-1339.580217,604.8034,-599.084908,1352.3961,-267.919490,3024.0560
14.943888,-2687.899316,303.3881,-1344.003341,606.8004,-601.062968,1356.8614,-268.804104,3034.0408
15.042084,-2696.716896,304.3833,-1348.411956,608.7908,-603.034540,1361.3121,-269.685815,3043.9928
15.140281,-2705.505739,305.3754,-1352.806203,610.7748,-604.999686,1365.7483,-270.564654,3053.9124
15.238477,-2714.266124,306.3642,-1357.186224,612.7523,-606.958470,1370.1701,-271.440647,3063.7999
15.336673,-2722.998326,307.3498,-1361.552154,614.7235,-608.910953,1374.5777,-272.313822,3073.6556
15.434870,-2731.702613,308.3322,-1365.904129,616.6883,-610.857196,1378.9712,-273.184206,3083.4798
15.533066,-2740.379254,309.3116,-1370.242282,618.6470,-612.797257,1383.3508,-274.051826,3093.2728
15.631263,-2749.028509,310.2878,-1374.566744,620.5994,-614.731195,1387.7166,-274.916708,3103.0349
15.729459,-2757.650636,311.2610,-1378.877643,622.5457,-616.659068,1392.0686,-275.778877,3112.7663
15.827655,-2766.245889,312.2312,-1383.175107,624.4860,-618.580933,1396.4071,-276.638360,3122.4675
15.925852,-2774.814517,313.1984,-1387.459260,626.4202,-620.496845,1400.7321,-277.495180,3132.1386
16.024048,-2783.356767,314.1625,-1391.730225,628.3485,-622.406860,1405.0439,-278.349363,3141.7799
16.122244,-2791.872880,315.1238,-1395.988124,630.2709,-624.311031,1409.3424,-279.200932,3151.3917
16.220441,-2800.363095,316.0821,-1400.233075,632.1874,-626.209412,1413.6279,-280.049912,3160.9743
16.318637,-2808.827647,317.0375,-1404.465195,634.0982,-628.102056,1417.9004,-280.896327,3170.5279
16.416834,-2817.266768,317.9900,-1408.684602,636.0032,-629.989013,1422.1601,-281.740198,3180.0528
16.515030,-2825.680684,318.9397,-1412.891407,637.9025,-631.870336,1426.4071,-282.581549,3189.5493
16.613226,-2834.069621,319.8866,-1417.085724,639.7962,-633.746073,1430.6414,-283.420403,3199.0176
16.711423,-2842.433799,320.8307,-1421.267664,641.6843,-635.616276,1434.8633,-284.256781,3208.4580
16.809619,-2850.773437,321.7720,-1425.437334,643.5668,-637.480991,1439.0728,-285.090706,3217.8706
16.907816,-2859.088749,322.7105,-1429.594843,645.4439,-639.340268,1443.2700,-285.922198,3227.2558
17.006012,-2867.379948,323.6464,-1433.740296,647.3155,-641.194154,1447.4550,-286.751280,3236.6138
17.104208,-2875.647240,324.5795,-1437.873798,649.1817,-643.042695,1451.6280,-287.577971,3245.9448
17.202405,-2883.890833,325.5100,-1441.995451,651.0426,-644.885937,1455.7890,-288.402292,3255.2491
17.300601,-2892.110929,326.4378,-1446.105357,652.8982,-646.723926,1459.9381,-289.224264,3264.5269
17.398798,-2900.307727,327.3630,-1450.203615,654.7485,-648.556706,1464.0755,-290.043907,3273.7783
17.496994,-2908.481425,328.2856,-1454.290324,656.5936,-650.384321,1468.2012,-290.861240,3283.0037
17.595190,-2916.632217,329.2056,-1458.365581,658.4335,-652.206815,1472.3154,-291.676282,3292.2032
17.693387,-2924.760293,330.1230,-1462.429482,660.2683,-654.024230,1476.4181,-292.489054,3301.3771
17.791583,-2932.865844,331.0379,-1466.482121,662.0980,-655.836609,1480.5094,-293.299573,3310.5256
17.889780,-2940.949056,331.9503,-1470.523591,663.9227,-657.643993,1484.5895,-294.107858,3319.6489
17.987976,-2949.010111,332.8601,-1474.553985,665.7424,-659.446424,1488.6583,-294.913928,3328.7471
18.086172,-2957.049192,333.7675,-1478.573392,667.5571,-661.243942,1492.7161,-295.717801,3337.8206
18.184369,-2965.066477,334.6724,-1482.581903,669.3669,-663.036587,1496.7629,-296.519495,3346.8695
18.282565,-2973.062142,335.5749,-1486.579604,671.1718,-664.824397,1500.7988,-297.319027,3355.8939
18.380762,-2981.036361,336.4750,-1490.566584,672.9718,-666.607414,1504.8238,-298.116414,3364.8942
18.478958,-2988.989306,337.3727,-1494.542928,674.7671,-668.385673,1508.8381,-298.911675,3373.8704
18.577154,-2996.921147,338.2679,-1498.508720,676.5576,-670.159214,1512.8418,-299.704825,3382.8229
18.675351,-3004.832050,339.1609,-1502.464045,678.3434,-671.928074,1516.8349,-300.495882,3391.7517
18.773547,-3012.722180,340.0514,-1506.408985,680.1245,-673.692290,1520.8175,-301.284862,3400.6570
18.871743,-3020.591700,340.9397,-1510.343620,681.9009,-675.451897,1524.7897,-302.071781,3409.5391
18.969940,-3028.440772,341.8256,-1514.268032,683.6727,-677.206933,1528.7516,-302.856656,3418.3981
19.068136,-3036.269552,342.7093,-1518.182299,685.4400,-678.957432,1532.7032,-303.639501,3427.2343
19.166333,-3044.078199,343.5906,-1522.086501,687.2027,-680.703429,1536.6447,-304.420334,3436.0477
19.264529,-3051.866866,344.4698,-1525.980713,688.9609,-682.444960,1540.5761,-305.199168,3444.8385
19.362725,-3059.635706,345.3466,-1529.865013,690.7146,-684.182057,1544.4975,-305.976021,3453.6070
19.460922,-3067.384870,346.2213,-1533.739476,692.4639,-685.914755,1548.4089,-306.750906,3462.3532
19.559118,-3075.114507,347.0938,-1537.604176,694.2087,-687.643088,1552.3105,-307.523838,3471.0775
19.657315,-3082.824763,347.9640,-1541.459187,695.9492,-689.367087,1556.2023,-308.294833,3479.7798
19.755511,-3090.515783,348.8321,-1545.304580,697.6854,-691.086785,1560.0844,-309.063904,3488.4605
19.853707,-3098.187711,349.6981,-1549.140429,699.4172,-692.802215,1563.9569,-309.831066,3497.1196
19.951904,-3105.840688,350.5619,-1552.966803,701.1447,-694.513408,1567.8198,-310.596334,3505.7573
20.050100,-3113.474854,351.4236,-1556.783772,702.8681,-696.220395,1571.6732,-311.359720,3514.3738
20.148297,-3121.090347,352.2831,-1560.591405,704.5872,-697.923206,1575.5172,-312.121240,3522.9692
20.246493,-3128.687303,353.1406,-1564.389771,706.3021,-699.621874,1579.3519,-312.880906,3531.5437
20.344689,-3136.265857,353.9960,-1568.178937,708.0128,-701.316427,1583.1772,-313.638732,3540.0974
20.442886,-3143.826143,354.8494,-1571.958968,709.7195,-703.006896,1586.9933,-314.394731,3548.6305
20.541082,-3151.368290,355.7007,-1575.729933,711.4220,-704.693309,1590.8003,-315.148917,3557.1431
20.639279,-3158.892431,356.5499,-1579.491894,713.1205,-706.375696,1594.5982,-315.901302,3565.6354
20.737475,-3166.398692,357.3972,-1583.244916,714.8149,-708.054086,1598.3870,-316.651900,3574.1076
20.835671,-3173.887201,358.2424,-1586.989063,716.5054,-709.728506,1602.1669,-317.400722,3582.5597
20.933868,-3181.358083,359.0857,-1590.724397,718.1918,-711.398986,1605.9379,-318.147782,3590.9919
21.032064,-3188.811462,359.9269,-1594.450980,719.8743,-713.065552,1609.7001,-318.893092,3599.4043
21.130261,-3196.247460,360.7663,-1598.168874,721.5529,-714.728232,1613.4535,-319.636664,3607.7971
21.228457,-3203.666199,361.6036,-1601.878139,723.2276,-716.387053,1617.1982,-320.378510,3616.1705
21.326653,-3211.067797,362.4391,-1605.578835,724.8984,-718.042042,1620.9342,-321.118643,3624.5245
21.424850,-3218.452374,363.2726,-1609.271020,726.5654,-719.693225,1624.6617,-321.857073,3632.8593
21.523046,-3225.820047,364.1042,-1612.954754,728.2285,-721.340629,1628.3806,-322.593813,3641.1750
21.621242,-3233.170930,364.9339,-1616.630094,729.8879,-722.984279,1632.0910,-323.328875,3649.4718
21.719439,-3240.505138,365.7617,-1620.297097,731.5435,-724.624200,1635.7930,-324.062269,3657.7498
21.817635,-3247.822784,366.5877,-1623.955819,733.1954,-726.260419,1639.4867,-324.794007,3666.0090
21.915832,-3255.123979,367.4118,-1627.606318,734.8435,-727.892959,1643.1720,-325.524100,3674.2497
22.014028,-3262.408835,368.2340,-1631.248646,736.4880,-729.521847,1646.8491,-326.252560,3682.4720
22.112224,-3269.677461,369.0544,-1634.882861,738.1288,-731.147105,1650.5181,-326.979396,3690.6759
22.210421,-3276.929963,369.8730,-1638.509014,739.7660,-732.768759,1654.1788,-327.704621,3698.8616
22.308617,-3284.166450,370.6898,-1642.127161,741.3995,-734.386831,1657.8315,-328.428244,3707.0293
22.406814,-3291.387026,371.5048,-1645.737353,743.0295,-736.001347,1661.4762,-329.150276,3715.1790
22.505010,-3298.591797,372.3181,-1649.339642,744.6559,-737.612328,1665.1129,-329.870728,3723.3109
22.603206,-3305.780866,373.1295,-1652.934081,746.2787,-739.219799,1668.7417,-330.589610,3731.4250
22.701403,-3312.954334,373.9392,-1656.520721,747.8980,-740.823781,1672.3625,-331.306931,3739.5216
22.799599,-3320.112303,374.7471,-1660.099612,749.5138,-742.424299,1675.9756,-332.022704,3747.6006
22.897796,-3327.254873,375.5533,-1663.670803,751.1262,-744.021373,1679.5809,-332.736936,3755.6623
22.995992,-3334.382144,376.3578,-1667.234346,752.7351,-745.615027,1683.1785,-333.449639,3763.7067
23.094188,-3341.494212,377.1605,-1670.790288,754.3406,-747.205281,1686.7684,-334.160821,3771.7339
23.192385,-3348.591175,377.9616,-1674.338678,755.9426,-748.792159,1690.3506,-334.870493,3779.7441
23.290581,-3355.673128,378.7609,-1677.879563,757.5413,-750.375680,1693.9253,-335.578665,3787.7374
23.388778,-3362.740167,379.5586,-1681.412992,759.1366,-751.955867,1697.4925,-336.285345,3795.7138
23.486974,-3369.792385,380.3546,-1684.939012,760.7285,-753.532740,1701.0522,-336.990543,3803.6735
23.585170,-3376.829875,381.1489,-1688.457667,762.3171,-755.106320,1704.6045,-337.694268,3811.6166
23.683367,-3383.852729,381.9416,-1691.969006,763.9025,-756.676628,1708.1493,-338.396530,3819.5432
23.781563,-3390.861038,382.7327,-1695.473072,765.4845,-758.243683,1711.6869,-339.097338,3827.4533
23.879760,-3397.854892,383.5221,-1698.969911,767.0633,-759.807507,1715.2171,-339.796700,3835.3471
23.977956,-3404.834379,384.3098,-1702.459568,768.6388,-761.368118,1718.7401,-340.494626,3843.2248
24.076152,-3411.799589,385.0960,-1705.942087,770.2111,-762.925538,1722.2559,-341.191124,3851.0863
24.174349,-3418.750609,385.8806,-1709.417510,771.7803,-764.479784,1725.7645,-341.886203,3858.9317
24.272545,-3425.687524,386.6636,-1712.885883,773.3462,-766.030877,1729.2660,-342.579872,3866.7613
24.370741,-3432.610421,387.4450,-1716.347246,774.9089,-767.578836,1732.7604,-343.272139,3874.5751
24.468938,-3439.519383,388.2248,-1719.801643,776.4686,-769.123679,1736.2478,-343.963013,3882.3731
24.567134,-3446.414495,389.0031,-1723.249115,778.0250,-770.665425,1739.7282,-344.652502,3890.1555
24.665331,-3453.295840,389.7798,-1726.689704,779.5784,-772.204094,1743.2016,-345.340615,3897.9223
24.763527,-3460.163500,390.5549,-1730.123451,781.1287,-773.739702,1746.6681,-346.027359,3905.6737
24.861723,-3467.017556,391.3286,-1733.550397,782.6759,-775.272269,1750.1278,-346.712743,3913.4098
24.959920,-3473.858089,392.1007,-1736.970581,784.2201,-776.801812,1753.5807,-347.396774,3921.1306
25.058116,-3480.685178,392.8713,-1740.384044,785.7612,-778.328349,1757.0267,-348.079462,3928.8362
25.156313,-3487.498903,393.6403,-1743.790825,787.2994,-779.851899,1760.4660,-348.760813,3936.5267
25.254509,-3494.299341,394.4079,-1747.190964,788.8345,-781.372477,1763.8986,-349.440835,3944.2022
25.352705,-3501.086570,395.1740,-1750.584498,790.3666,-782.890103,1767.3246,-350.119537,3951.8629
25.450902,-3507.860667,395.9386,-1753.971467,791.8958,-784.404792,1770.7439,-350.796926,3959.5087
25.549098,-3514.621707,396.7017,-1757.351908,793.4220,-785.916561,1774.1566,-351.473009,3967.1398
25.647295,-3521.369766,397.4634,-1760.725859,794.9453,-787.425429,1777.5628,-352.147794,3974.7562
25.745491,-3528.104919,398.2236,-1764.093357,796.4657,-788.931410,1780.9625,-352.821289,3982.3580
25.843687,-3534.827238,398.9824,-1767.454439,797.9832,-790.434523,1784.3556,-353.493500,3989.9454
25.941884,-3541.536798,399.7397,-1770.809142,799.4978,-791.934782,1787.7424,-354.164436,3997.5184
26.040080,-3548.233670,400.4956,-1774.157501,801.0095,-793.432204,1791.1227,-354.834103,4005.0770
26.138277,-3554.917927,401.2501,-1777.499553,802.5184,-794.926806,1794.4967,-355.502508,4012.6215
26.236473,-3561.589639,402.0031,-1780.835333,804.0245,-796.418603,1797.8643,-356.169659,4020.1517
26.334669,-3568.248876,402.7547,-1784.164876,805.5277,-797.907611,1801.2257,-356.835563,4027.6679
26.432866,-3574.895709,403.5050,-1787.488217,807.0282,-799.393846,1804.5807,-357.500226,4035.1701
26.531062,-3581.530206,404.2538,-1790.805391,808.5258,-800.877322,1807.9296,-358.163656,4042.6583
26.629259,-3588.152436,405.0013,-1794.116431,810.0207,-802.358055,1811.2723,-358.825860,4050.1327
26.727455,-3594.762466,405.7474,-1797.421373,811.5129,-803.836061,1814.6088,-359.486843,4057.5934
26.825651,-3601.360365,406.4921,-1800.720248,813.0023,-805.311355,1817.9391,-360.146614,4065.0403
26.923848,-3607.946197,407.2354,-1804.013091,814.4890,-806.783950,1821.2634,-360.805178,4072.4736
27.022044,-3614.520030,407.9774,-1807.299935,815.9729,-808.253863,1824.5817,-361.462542,4079.8934
27.120240,-3621.081929,408.7181,-1810.580812,817.4542,-809.721107,1827.8939,-362.118713,4087.2998
27.218437,-3627.631958,409.4574,-1813.855755,818.9328,-811.185697,1831.2001,-362.773697,4094.6927
27.316633,-3634.170182,410.1954,-1817.124795,820.4087,-812.647648,1834.5004,-363.427500,4102.0723
27.414830,-3640.696664,410.9321,-1820.387965,821.8820,-814.106973,1837.7947,-364.080129,4109.4386
27.513026,-3647.211467,411.6674,-1823.645296,823.3526,-815.563687,1841.0831,-364.731591,4116.7918
27.611222,-3653.714654,412.4014,-1826.896819,824.8207,-817.017804,1844.3657,-365.381891,4124.1318
27.709419,-3660.206287,413.1341,-1830.142565,826.2861,-818.469338,1847.6424,-366.031036,4131.4589
27.807615,-3666.686426,413.8656,-1833.382565,827.7489,-819.918302,1850.9134,-366.679031,4138.7729
27.905812,-3673.155133,414.5957,-1836.616849,829.2091,-821.364709,1854.1786,-367.325884,4146.0740
28.004008,-3679.612469,415.3246,-1839.845448,830.6668,-822.808574,1857.4380,-367.971599,4153.3623
28.102204,-3686.058492,416.0521,-1843.068391,832.1219,-824.249910,1860.6917,-368.616183,4160.6379
28.200401,-3692.493263,416.7784,-1846.285708,833.5745,-825.688730,1863.9398,-369.259642,4167.9007
28.298597,-3698.916839,417.5035,-1849.497429,835.0246,-827.125047,1867.1822,-369.901982,4175.1509
28.396794,-3705.329280,418.2273,-1852.703581,836.4721,-828.558874,1870.4189,-370.543208,4182.3886
28.494990,-3711.730642,418.9498,-1855.904195,837.9171,-829.990224,1873.6501,-371.183327,4189.6137
28.593186,-3718.120983,419.6711,-1859.099299,839.3597,-831.419110,1876.8757,-371.822343,4196.8264
28.691383,-3724.500360,420.3911,-1862.288921,840.7997,-832.845544,1880.0958,-372.460264,4204.0267
28.789579,-3730.868829,421.1099,-1865.473089,842.2374,-834.269540,1883.3104,-373.097093,4211.2147
28.887776,-3737.226446,421.8275,-1868.651832,843.6725,-835.691109,1886.5195,-373.732837,4218.3905
28.985972,-3743.573265,422.5439,-1871.825176,845.1052,-837.110264,1889.7232,-374.367502,4225.5541
29.084168,-3749.909343,423.2591,-1874.993150,846.5355,-838.527017,1892.9214,-375.001093,4232.7055
29.182365,-3756.234733,423.9730,-1878.155780,847.9634,-839.941380,1896.1142,-375.633614,4239.8449
29.280561,-3762.549488,424.6858,-1881.313094,849.3889,-841.353366,1899.3017,-376.265073,4246.9723
29.378758,-3768.853664,425.3974,-1884.465117,850.8120,-842.762986,1902.4838,-376.895474,4254.0877
29.476954,-3775.147312,426.1077,-1887.611877,852.2327,-844.170253,1905.6606,-377.524822,4261.1913
29.575150,-3781.430485,426.8169,-1890.753400,853.6511,-845.575177,1908.8322,-378.153122,4268.2830
29.673347,-3787.703236,427.5250,-1893.889713,855.0671,-846.977771,1911.9984,-378.780380,4275.3630
29.771543,-3793.965615,428.2318,-1897.020839,856.4808,-848.378046,1915.1595,-379.406602,4282.4313
29.869739,-3800.217675,428.9375,-1900.146807,857.8921,-849.776013,1918.3153,-380.031791,4289.4879
29.967936,-3806.459466,429.6420,-1903.267640,859.3011,-851.171685,1921.4659,-380.655954,4296.5330
30.066132,-3812.691038,430.3454,-1906.383364,860.7078,-852.565072,1924.6114,-381.279095,4303.5665
30.164329,-3818.912442,431.0476,-1909.494004,862.1122,-853.956185,1927.7517,-381.901219,4310.5885
30.262525,-3825.123727,431.7487,-1912.599585,863.5144,-855.345036,1930.8870,-382.522331,4317.5991
30.360721,-3831.324942,432.4486,-1915.700132,864.9142,-856.731635,1934.0171,-383.142437,4324.5983
30.458918,-3837.516137,433.1474,-1918.795668,866.3118,-858.115994,1937.1423,-383.761540,4331.5863
30.557114,-3843.697359,433.8451,-1921.886219,867.7072,-859.498123,1940.2623,-384.379646,4338.5630
30.655311,-3849.868656,434.5417,-1924.971808,869.1003,-860.878033,1943.3774,-384.996760,4345.5284
30.753507,-3856.030078,435.2371,-1928.052458,870.4911,-862.255735,1946.4875,-385.612886,4352.4828
30.851703,-3862.181669,435.9315,-1931.128195,871.8798,-863.631239,1949.5926,-386.228030,4359.4260
30.949900,-3868.323478,436.6247,-1934.199040,873.2663,-865.004555,1952.6927,-386.842195,4366.3582
31.048096,-3874.455551,437.3168,-1937.265017,874.6505,-866.375695,1955.7880,-387.455387,4373.2794
31.146293,-3880.577935,438.0079,-1940.326150,876.0326,-867.744668,1958.8784,-388.067610,4380.1897
31.244489,-3886.690674,438.6978,-1943.382461,877.4124,-869.111485,1961.9639,-388.678868,4387.0891
31.342685,-3892.793814,439.3867,-1946.433973,878.7902,-870.476156,1965.0445,-389.289167,4393.9776
31.440882,-3898.887401,440.0745,-1949.480709,880.1657,-871.838691,1968.1204,-389.898510,4400.8554
31.539078,-3904.971479,440.7612,-1952.522690,881.5391,-873.199099,1971.1914,-390.506903,4407.7224
31.637275,-3911.046093,441.4469,-1955.559940,882.9104,-874.557392,1974.2577,-391.114349,4414.5788
31.735471,-3917.111286,442.1315,-1958.592479,884.2796,-875.913578,1977.3192,-391.720853,4421.4245
31.833667,-3923.167103,442.8150,-1961.620331,885.6466,-877.267667,1980.3759,-392.326420,4428.2596
31.931864,-3929.213586,443.4975,-1964.643516,887.0115,-878.619670,1983.4280,-392.931053,4435.0842
32.030060,-3935.250779,444.1789,-1967.662056,888.3744,-879.969595,1986.4754,-393.534758,4441.8984
32.128257,-3941.278724,444.8593,-1970.675972,889.7351,-881.317453,1989.5181,-394.137537,4448.7020
32.226453,-3947.297463,445.5386,-1973.685286,891.0938,-882.663252,1992.5561,-394.739397,4455.4953
32.324649,-3953.307040,446.2170,-1976.690019,892.4504,-884.007003,1995.5896,-395.340340,4462.2783
32.422846,-3959.307495,446.8942,-1979.690191,893.8049,-885.348714,1998.6184,-395.940370,4469.0510
32.521042,-3965.298870,447.5705,-1982.685823,895.1574,-886.688395,2001.6426,-396.539493,4475.8134
32.619238,-3971.281206,448.2457,-1985.676936,896.5079,-888.026055,2004.6623,-397.137713,4482.5656
32.717435,-3977.254543,448.9200,-1988.663551,897.8563,-889.361703,2007.6775,-397.735032,4489.3076
32.815631,-3983.218923,449.5932,-1991.645686,899.2027,-890.695348,2010.6881,-398.331456,4496.0396
32.913828,-3989.174385,450.2654,-1994.623363,900.5471,-892.026999,2013.6942,-398.926987,4502.7614
33.012024,-3995.120970,450.9366,-1997.596602,901.8894,-893.356666,2016.6958,-399.521632,4509.4733
33.110220,-4001.058716,451.6068,-2000.565421,903.2298,-894.684356,2019.6930,-400.115392,4516.1752
33.208417,-4006.987664,452.2760,-2003.529842,904.5682,-896.010078,2022.6857,-400.708273,4522.8671
33.306613,-4012.907851,452.9442,-2006.489882,905.9046,-897.333843,2025.6740,-401.300278,4529.5492
33.404810,-4018.819318,453.6114,-2009.445563,907.2391,-898.655657,2028.6580,-401.891410,4536.2214
33.503006,-4024.722102,454.2777,-2012.396902,908.5716,-899.975529,2031.6375,-402.481675,4542.8838
33.601202,-4030.616241,454.9430,-2015.343919,909.9021,-901.293469,2034.6127,-403.071075,4549.5365
33.699399,-4036.501774,455.6073,-2018.286633,911.2307,-902.609485,2037.5835,-403.659614,4556.1795
33.797595,-4042.378738,456.2706,-2021.225063,912.5574,-903.923585,2040.5500,-404.247297,4562.8127
33.895792,-4048.247169,456.9330,-2024.159228,913.8821,-905.235777,2043.5122,-404.834127,4569.4364
33.993988,-4054.107107,457.5944,-2027.089145,915.2050,-906.546069,2046.4701,-405.420107,4576.0505
34.092184,-4059.958586,458.2549,-2030.014833,916.5259,-907.854471,2049.4237,-406.005241,4582.6550
34.190381,-4065.801644,458.9144,-2032.936311,917.8449,-909.160989,2052.3731,-406.589533,4589.2500
34.288577,-4071.636316,459.5730,-2035.853596,919.1620,-910.465633,2055.3182,-407.172987,4595.8355
34.386774,-4077.462640,460.2306,-2038.766707,920.4772,-911.768410,2058.2592,-407.755606,4602.4117
34.484970,-4083.280650,460.8873,-2041.675662,921.7906,-913.069328,2061.1959,-408.337394,4608.9784
34.583166,-4089.090382,461.5431,-2044.580478,923.1021,-914.368395,2064.1285,-408.918354,4615.5358
34.681363,-4094.891872,462.1979,-2047.481173,924.4117,-915.665619,2067.0569,-409.498490,4622.0839
34.779559,-4100.685154,462.8518,-2050.377764,925.7195,-916.961008,2069.9811,-410.077805,4628.6227
34.877756,-4106.470262,463.5048,-2053.270269,927.0254,-918.254570,2072.9013,-410.656302,4635.1524
34.975952,-4112.247233,464.1568,-2056.158704,928.3295,-919.546311,2075.8173,-411.233986,4641.6728
35.074148,-4118.016099,464.8080,-2059.043088,929.6317,-920.836241,2078.7292,-411.810860,4648.1841
35.172345,-4123.776895,465.4582,-2061.923437,930.9322,-922.124367,2081.6371,-412.386927,4654.6862
35.270541,-4129.529654,466.1075,-2064.799768,932.2308,-923.410695,2084.5409,-412.962190,4661.1793
35.368737,-4135.274411,466.7559,-2067.672098,933.5276,-924.695234,2087.4406,-413.536653,4667.6634
35.466934,-4141.011197,467.4035,-2070.540443,934.8227,-925.977991,2090.3364,-414.110319,4674.1385
35.565130,-4146.740048,468.0501,-2073.404820,936.1159,-927.258974,2093.2281,-414.683191,4680.6046
35.663327,-4152.460995,468.6958,-2076.265246,937.4073,-928.538190,2096.1159,-415.255273,4687.0618
35.761523,-4158.174070,469.3407,-2079.121736,938.6970,-929.815645,2098.9997,-415.826568,4693.5101
35.859719,-4163.879307,469.9846,-2081.974307,939.9849,-931.091348,2101.8795,-416.397079,4699.9495
35.957916,-4169.576738,470.6277,-2084.822975,941.2710,-932.365305,2104.7553,-416.966810,4706.3802
36.056112,-4175.266394,471.2699,-2087.667755,942.5554,-933.637524,2107.6273,-417.535763,4712.8021
36.154309,-4180.948307,471.9112,-2090.508665,943.8381,-934.908012,2110.4953,-418.103942,4719.2152
36.252505,-4186.622509,472.5517,-2093.345719,945.1190,-936.176776,2113.3595,-418.671350,4725.6196
36.350701,-4192.289031,473.1913,-2096.178934,946.3981,-937.443822,2116.2198,-419.237989,4732.0154
36.448898,-4197.947904,473.8300,-2099.008324,947.6755,-938.709158,2119.0762,-419.803865,4738.4026
36.547094,-4203.599160,474.4679,-2101.833905,948.9513,-939.972791,2121.9288,-420.368978,4744.7811
36.645291,-4209.242828,475.1049,-2104.655693,950.2253,-941.234728,2124.7775,-420.933332,4751.1511
36.743487,-4214.878939,475.7411,-2107.473703,951.4976,-942.494975,2127.6224,-421.496931,4757.5125
36.841683,-4220.507524,476.3764,-2110.287950,952.7682,-943.753539,2130.4636,-422.059778,4763.8655
36.939880,-4226.128612,477.0108,-2113.098448,954.0371,-945.010426,2133.3009,-422.621875,4770.2099
37.038076,-4231.742233,477.6444,-2115.905214,955.3043,-946.265645,2136.1345,-423.183225,4776.5460
37.136273,-4237.348418,478.2772,-2118.708261,956.5698,-947.519200,2138.9643,-423.743832,4782.8737
37.234469,-4242.947196,478.9092,-2121.507605,957.8337,-948.771099,2141.7904,-424.303697,4789.1930
37.332665,-4248.538595,479.5403,-2124.303260,959.0959,-950.021349,2144.6127,-424.862825,4795.5040
37.430862,-4254.122645,480.1706,-2127.095240,960.3564,-951.269955,2147.4314,-425.421219,4801.8066
37.529058,-4259.699375,480.8000,-2129.883561,961.6153,-952.516925,2150.2463,-425.978880,4808.1011
37.627255,-4265.268814,481.4286,-2132.668236,962.8726,-953.762264,2153.0576,-426.535812,4814.3873
37.725451,-4270.830989,482.0565,-2135.449280,964.1282,-955.005979,2155.8652,-427.092018,4820.6653
37.823647,-4276.385930,482.6835,-2138.226706,965.3821,-956.248077,2158.6692,-427.647501,4826.9351
37.921844,-4281.933665,483.3096,-2141.000530,966.6345,-957.488564,2161.4695,-428.202263,4833.1968
38.020040,-4287.474222,483.9350,-2143.770765,967.8852,-958.727445,2164.2662,-428.756307,4839.4504
38.118236,-4293.007627,484.5596,-2146.537424,969.1343,-959.964728,2167.0593,-429.309636,4845.6959
38.216433,-4298.533910,485.1833,-2149.300522,970.3818,-961.200417,2169.8488,-429.862253,4851.9334
38.314629,-4304.053097,485.8063,-2152.060073,971.6277,-962.434521,2172.6347,-430.414160,4858.1629
38.412826,-4309.565216,486.4285,-2154.816089,972.8720,-963.667044,2175.4170,-430.965361,4864.3844
38.511022,-4315.070293,487.0498,-2157.568585,974.1148,-964.897992,2178.1958,-431.515857,4870.5979
38.609218,-4320.568356,487.6704,-2160.317574,975.3559,-966.127372,2180.9711,-432.065652,4876.8036
38.707415,-4326.059432,488.2902,-2163.063070,976.5954,-967.355190,2183.7428,-432.614749,4883.0013
38.805611,-4331.543547,488.9092,-2165.805085,977.8334,-968.581452,2186.5110,-433.163149,4889.1912
38.903808,-4337.020727,489.5274,-2168.543633,979.0699,-969.806163,2189.2757,-433.710856,4895.3733
39.002004,-4342.490998,490.1449,-2171.278727,980.3047,-971.029329,2192.0369,-434.257872,4901.5476
39.100200,-4347.954388,490.7615,-2174.010380,981.5380,-972.250956,2194.7947,-434.804200,4907.7141
39.198397,-4353.410921,491.3774,-2176.738605,982.7698,-973.471050,2197.5490,-435.349842,4913.8728
39.296593,-4358.860623,491.9925,-2179.463414,984.0000,-974.689617,2200.2998,-435.894801,4920.0239
39.394790,-4364.303521,492.6069,-2182.184822,985.2287,-975.906663,2203.0472,-436.439080,4926.1673
39.492986,-4369.739638,493.2205,-2184.902840,986.4558,-977.122192,2205.7912,-436.982681,4932.3030
39.591182,-4375.169002,493.8333,-2187.617480,987.6815,-978.336212,2208.5317,-437.525607,4938.4311
39.689379,-4380.591636,494.4453,-2190.328757,988.9056,-979.548727,2211.2689,-438.067859,4944.5516
39.787575,-4386.007566,495.0566,-2193.036681,990.1282,-980.759742,2214.0027,-438.609442,4950.6645
39.885772,-4391.416816,495.6672,-2195.741266,991.3492,-981.969265,2216.7331,-439.150356,4956.7699
39.983968,-4396.819412,496.2770,-2198.442523,992.5688,-983.177299,2219.4602,-439.690605,4962.8678
40.082164,-4402.215377,496.8861,-2201.140465,993.7869,-984.383851,2222.1839,-440.230191,4968.9582
40.180361,-4407.604737,497.4944,-2203.835105,995.0035,-985.588925,2224.9043,-440.769116,4975.0412
40.278557,-4412.987514,498.1019,-2206.526454,996.2186,-986.792528,2227.6213,-441.307383,4981.1167
40.376754,-4418.363734,498.7087,-2209.214524,997.4322,-987.994665,2230.3351,-441.844995,4987.1848
40.474950,-4423.733421,499.3148,-2211.899328,998.6444,-989.195341,2233.0455,-442.381953,4993.2455
40.573146,-4429.096597,499.9202,-2214.580876,999.8551,-990.394561,2235.7527,-442.918260,4999.2989
40.671343,-4434.453287,500.5248,-2217.259182,1001.0643,-991.592331,2238.4566,-443.453919,5005.3450
40.769539,-4439.803513,501.1287,-2219.934256,1002.2721,-992.788656,2241.1572,-443.988931,5011.3838
40.867735,-4445.147301,501.7319,-2222.606111,1003.4784,-993.983541,2243.8546,-444.523300,5017.4153
40.965932,-4450.484672,502.3343,-2225.274757,1004.6832,-995.176991,2246.5487,-445.057026,5023.4396
41.064128,-4455.815649,502.9360,-2227.940207,1005.8866,-996.369012,2249.2396,-445.590114,5029.4566
41.162325,-4461.140256,503.5370,-2230.602472,1007.0886,-997.559609,2251.9273,-446.122564,5035.4665
41.260521,-4466.458516,504.1373,-2233.261563,1008.2892,-998.748786,2254.6118,-446.654380,5041.4692
41.358717,-4471.770450,504.7369,-2235.917492,1009.4883,-999.936549,2257.2931,-447.185563,5047.4648
41.456914,-4477.076082,505.3357,-2238.570270,1010.6860,-1001.122903,2259.9712,-447.716117,5053.4532
41.555110,-4482.375434,505.9339,-2241.219908,1011.8823,-1002.307852,2262.6462,-448.246042,5059.4346
41.653307,-4487.668528,506.5313,-2243.866417,1013.0771,-1003.491402,2265.3180,-448.775341,5065.4089
41.751503,-4492.955387,507.1280,-2246.509808,1014.2706,-1004.673558,2267.9866,-449.304017,5071.3761
41.849699,-4498.236031,507.7241,-2249.150093,1015.4626,-1005.854325,2270.6521,-449.832071,5077.3364
41.947896,-4503.510484,508.3194,-2251.787282,1016.6533,-1007.033707,2273.3145,-450.359507,5083.2896
42.046092,-4508.778767,508.9141,-2254.421386,1017.8426,-1008.211710,2275.9738,-450.886325,5089.2359
42.144289,-4514.040901,509.5080,-2257.052415,1019.0304,-1009.388338,2278.6299,-451.412529,5095.1753
42.242485,-4519.296908,510.1013,-2259.680382,1020.2169,-1010.563596,2281.2830,-451.938120,5101.1077
42.340681,-4524.546809,510.6938,-2262.305295,1021.4020,-1011.737488,2283.9330,-452.463100,5107.0333
42.438878,-4529.790626,511.2857,-2264.927167,1022.5858,-1012.910020,2286.5799,-452.987472,5112.9520
42.537074,-4535.028380,511.8769,-2267.546007,1023.7682,-1014.081197,2289.2238,-453.511238,5118.8638
42.635271,-4540.260091,512.4674,-2270.161826,1024.9492,-1015.251022,2291.8646,-454.034399,5124.7688
42.733467,-4545.485780,513.0572,-2272.774634,1026.1288,-1016.419501,2294.5023,-454.556958,5130.6670
42.831663,-4550.705469,513.6464,-2275.384442,1027.3071,-1017.586639,2297.1371,-455.078918,5136.5585
42.929860,-4555.919178,514.2349,-2277.991260,1028.4841,-1018.752439,2299.7688,-455.600279,5142.4432
43.028056,-4561.126926,514.8227,-2280.595098,1029.6597,-1019.916906,2302.3975,-456.121044,5148.3212
43.126253,-4566.328736,515.4098,-2283.195967,1030.8339,-1021.080046,2305.0232,-456.641216,5154.1924
43.224449,-4571.524627,515.9963,-2285.793876,1032.0068,-1022.241862,2307.6460,-457.160795,5160.0570
43.322645,-4576.714619,516.5821,-2288.388836,1033.1784,-1023.402359,2310.2657,-457.679785,5165.9150
43.420842,-4581.898732,517.1672,-2290.980857,1034.3487,-1024.561542,2312.8825,-458.198187,5171.7662
43.519038,-4587.076986,517.7517,-2293.569949,1035.5176,-1025.719415,2315.4963,-458.716003,5177.6109
43.617234,-4592.249401,518.3355,-2296.156121,1036.6853,-1026.875982,2318.1072,-459.233235,5183.4490
43.715431,-4597.415997,518.9187,-2298.739384,1037.8516,-1028.031248,2320.7151,-459.749885,5189.2806
43.813627,-4602.576793,519.5012,-2301.319746,1039.0166,-1029.185217,2323.3201,-460.265956,5195.1055
43.911824,-4607.731809,520.0831,-2303.897219,1040.1803,-1030.337893,2325.9222,-460.781448,5200.9240
44.010020,-4612.881064,520.6643,-2306.471812,1041.3427,-1031.489282,2328.5214,-461.296364,5206.7359
44.108216,-4618.024577,521.2448,-2309.043534,1042.5038,-1032.639387,2331.1177,-461.810706,5212.5414
44.206413,-4623.162368,521.8247,-2311.612394,1043.6636,-1033.788212,2333.7111,-462.324476,5218.3404
44.304609,-4628.294456,522.4040,-2314.178404,1044.8221,-1034.935762,2336.3016,-462.837676,5224.1330
44.402806,-4633.420859,522.9826,-2316.741571,1045.9793,-1036.082041,2338.8893,-463.350307,5229.9192
44.501002,-4638.541597,523.5606,-2319.301905,1047.1353,-1037.227054,2341.4741,-463.862372,5235.6989
44.599198,-4643.656688,524.1380,-2321.859416,1048.2900,-1038.370803,2344.0560,-464.373872,5241.4723
44.697395,-4648.766150,524.7147,-2324.414113,1049.4434,-1039.513295,2346.6351,-464.884809,5247.2394
44.795591,-4653.870003,525.2908,-2326.966006,1050.5955,-1040.654531,2349.2114,-465.395185,5253.0001
44.893788,-4658.968265,525.8662,-2329.515103,1051.7464,-1041.794518,2351.7848,-465.905003,5258.7545
44.991984,-4664.060954,526.4410,-2332.061413,1052.8960,-1042.933259,2354.3555,-466.414263,5264.5026
45.090180,-4669.148088,527.0152,-2334.604947,1054.0444,-1044.070758,2356.9233,-466.922967,5270.2444
45.188377,-4674.229686,527.5888,-2337.145712,1055.1915,-1045.207018,2359.4883,-467.431118,5275.9800
45.286573,-4679.305765,528.1618,-2339.683718,1056.3374,-1046.342045,2362.0506,-467.938717,5281.7094
45.384770,-4684.376344,528.7341,-2342.218974,1057.4821,-1047.475842,2364.6101,-468.445766,5287.4325
45.482966,-4689.441440,529.3058,-2344.751489,1058.6255,-1048.608413,2367.1668,-468.952267,5293.1495
45.581162,-4694.501071,529.8769,-2347.281271,1059.7676,-1049.739762,2369.7207,-469.458221,5298.8603
45.679359,-4699.555254,530.4473,-2349.808330,1060.9086,-1050.869893,2372.2719,-469.963631,5304.5650
45.777555,-4704.604008,531.0172,-2352.332674,1062.0483,-1051.998811,2374.8204,-470.468498,5310.2635
45.875752,-4709.647350,531.5865,-2354.854312,1063.1868,-1053.126517,2377.3661,-470.972823,5315.9559
45.973948,-4714.685297,532.1551,-2357.373253,1064.3240,-1054.253018,2379.9091,-471.476609,5321.6422
46.072144,-4719.717866,532.7231,-2359.889505,1065.4601,-1055.378316,2382.4494,-471.979858,5327.3225
46.170341,-4724.745075,533.2906,-2362.403077,1066.5949,-1056.502416,2384.9870,-472.482570,5332.9967
46.268537,-4729.766940,533.8574,-2364.913977,1067.7286,-1057.625321,2387.5219,-472.984748,5338.6649
46.366733,-4734.783480,534.4236,-2367.422214,1068.8610,-1058.747035,2390.0541,-473.486393,5344.3270
46.464930,-4739.794709,534.9892,-2369.927797,1069.9922,-1059.867561,2392.5836,-473.987508,5349.9832
46.563126,-4744.800646,535.5543,-2372.430733,1071.1223,-1060.986905,2395.1104,-474.488093,5355.6334
46.661323,-4749.801307,536.1187,-2374.931032,1072.2511,-1062.105069,2397.6346,-474.988151,5361.2776
46.759519,-4754.796709,536.6826,-2377.428701,1073.3788,-1063.222056,2400.1561,-475.487682,5366.9159
46.857715,-4759.786868,537.2458,-2379.923749,1074.5053,-1064.337872,2402.6750,-475.986690,5372.5483
46.955912,-4764.771801,537.8085,-2382.416183,1075.6306,-1065.452519,2405.1913,-476.485175,5378.1748
47.054108,-4769.751525,538.3705,-2384.906013,1076.7547,-1066.566001,2407.7049,-476.983139,5383.7954
47.152305,-4774.726054,538.9320,-2387.393247,1077.8777,-1067.678322,2410.2159,-477.480583,5389.4102
47.250501,-4779.695407,539.4929,-2389.877892,1078.9995,-1068.789485,2412.7243,-477.977510,5395.0191
47.348697,-4784.659598,540.0532,-2392.359956,1080.1201,-1069.899494,2415.2300,-478.473921,5400.6221
47.446894,-4789.618644,540.6130,-2394.839448,1081.2395,-1071.008353,2417.7332,-478.969818,5406.2194
47.545090,-4794.572561,541.1721,-2397.316375,1082.3578,-1072.116064,2420.2338,-479.465201,5411.8109
47.643287,-4799.521365,541.7307,-2399.790746,1083.4750,-1073.222633,2422.7318,-479.960073,5417.3966
47.741483,-4804.465071,542.2887,-2402.262568,1084.5910,-1074.328062,2425.2272,-480.454436,5422.9766
47.839679,-4809.403695,542.8461,-2404.731849,1085.7058,-1075.432354,2427.7201,-480.948290,5428.5508
47.937876,-4814.337254,543.4030,-2407.198598,1086.8195,-1076.535514,2430.2104,-481.441638,5434.1193
48.036072,-4819.265761,543.9593,-2409.662821,1087.9321,-1077.637545,2432.6982,-481.934480,5439.6821
48.134269,-4824.189234,544.5150,-2412.124527,1089.0435,-1078.738449,2435.1834,-482.426820,5445.2392
48.232465,-4829.107687,545.0702,-2414.583723,1090.1538,-1079.838231,2437.6661,-482.918657,5450.7907
48.330661,-4834.021136,545.6248,-2417.040417,1091.2630,-1080.936895,2440.1463,-483.409994,5456.3365
48.428858,-4838.929595,546.1788,-2419.494616,1092.3710,-1082.034443,2442.6239,-483.900832,5461.8767
48.527054,-4843.833081,546.7322,-2421.946329,1093.4779,-1083.130878,2445.0990,-484.391172,5467.4112
48.625251,-4848.731607,547.2852,-2424.395562,1094.5837,-1084.226205,2447.5717,-484.881017,5472.9402
48.723447,-4853.625190,547.8375,-2426.842323,1095.6884,-1085.320426,2450.0418,-485.370367,5478.4636
48.821643,-4858.513844,548.3893,-2429.286620,1096.7920,-1086.413546,2452.5094,-485.859225,5483.9814
48.919840,-4863.397584,548.9405,-2431.728461,1097.8945,-1087.505566,2454.9746,-486.347591,5489.4937
49.018036,-4868.276425,549.4912,-2434.167851,1098.9958,-1088.596491,2457.4373,-486.835467,5495.0004
49.116232,-4873.150381,550.0413,-2436.604800,1100.0961,-1089.686324,2459.8975,-487.322855,5500.5017
49.214429,-4878.019467,550.5909,-2439.039313,1101.1952,-1090.775068,2462.3553,-487.809756,5505.9974
49.312625,-4882.883698,551.1400,-2441.471399,1102.2933,-1091.862727,2464.8106,-488.296171,5511.4877
49.410822,-4887.743088,551.6885,-2443.901065,1103.3902,-1092.949303,2467.2635,-488.782102,5516.9725
49.509018,-4892.597652,552.2364,-2446.328317,1104.4861,-1094.034800,2469.7139,-489.267551,5522.4518
49.607214,-4897.447403,552.7838,-2448.753164,1105.5809,-1095.119220,2472.1620,-489.752518,5527.9257
49.705411,-4902.292357,553.3307,-2451.175612,1106.6746,-1096.202569,2474.6075,-490.237006,5533.3942
49.803607,-4907.132528,553.8770,-2453.595668,1107.7672,-1097.284847,2477.0507,-490.721015,5538.8573
49.901804,-4911.967929,554.4228,-2456.013339,1108.8588,-1098.366059,2479.4915,-491.204548,5544.3150
50.000000,-4916.798574,554.9680,-2458.428633,1109.9492,-1099.446208,2481.9299,-491.687605,5549.7674
